{
    "root": [
        {
            "level1_a": [
                {
                    "level2_a": [
                        {"level3_a": "string_value_1"},
                        {"level3_b": 12345},
                        {"level3_c": [
                            {"level4_a": [[1, 2], 3]}, 
                            {"level4_b": 67890}
                        ]}
                    ]
                }
            ]
        },
        {
            "level1_b": [
                {
                    "level2_b": [
                        {"level3_d": "string_value_2"},
                        {"level3_e": 24680},
                        {"level3_f": [
                            {"level4_c": [[4, 5], 6]},  
                            {"level4_d": 98765}
                        ]}
                    ]
                }
            ]
        }
    ]
}
